07631,Bergen County
07652,Bergen County
07728,Monmouth County
10001,New York County
10002,New York County
10003,New York County
10004,New York County
10005,New York County
10006,New York County
10007,New York County
10008,New York County
10009,New York County
10010,New York County
10011,New York County
10012,New York County
10013,New York County
10014,New York County
10016,New York County
10017,New York County
10018,New York County
10019,New York County
10021,New York County
10022,New York County
10023,New York County
10024,New York County
10025,New York County
10026,New York County
10027,New York County
10028,New York County
10029,New York County
10030,New York County
10031,New York County
10032,New York County
10033,New York County
10034,New York County
10035,New York County
10036,New York County
10037,New York County
10038,New York County
10039,New York County
10040,New York County
10065,New York County
10069,New York County
10075,New York County
10128,New York County
10280,New York County
10301,Richmond County
10302,Richmond County
10303,Richmond County
10304,Richmond County
10305,Richmond County
10306,Richmond County
10307,Richmond County
10308,Richmond County
10309,Richmond County
10310,Richmond County
10312,Richmond County
10314,Richmond County
10451,
10452,Bronx County
10453,
10454,
10455,Bronx County
10456,Bronx County
10457,Bronx County
10458,Bronx County
10459,Bronx County
10460,Bronx County
10461,Bronx County
10462,Bronx County
10463,
10464,Bronx County
10465,Bronx County
10466,Bronx County
10467,Bronx County
10468,
10469,Bronx County
10470,
10471,Bronx County
10472,Bronx County
10473,Bronx County
10474,Bronx County
10475,Bronx County
10501,Westchester County
10502,Westchester County
10505,
10506,Westchester County
10507,Westchester County
10509,Putnam County
10510,Westchester County
10511,Westchester County
10512,Putnam County
10514,Westchester County
10516,Putnam County
10517,Westchester County
10518,Westchester County
10520,Westchester County
10522,Westchester County
10523,Westchester County
10524,
10528,Westchester County
10530,Westchester County
10532,Westchester County
10533,Westchester County
10535,Westchester County
10536,Westchester County
10537,
10538,Westchester County
10540,Westchester County
10541,
10542,Putnam County
10543,Westchester County
10547,Westchester County
10548,Westchester County
10549,Westchester County
10550,Westchester County
10552,Westchester County
10553,Westchester County
10560,Westchester County
10562,Westchester County
10566,Westchester County
10567,Westchester County
10570,Westchester County
10573,Westchester County
10579,Putnam County
10580,Westchester County
10583,Westchester County
10588,
10589,Westchester County
10590,Westchester County
10591,Westchester County
10594,Westchester County
10595,Westchester County
10596,Westchester County
10598,Westchester County
10601,Westchester County
10603,Westchester County
10604,Westchester County
10605,Westchester County
10606,Westchester County
10607,Westchester County
10701,Westchester County
10703,Westchester County
10704,Westchester County
10705,
10706,Westchester County
10707,Westchester County
10708,Westchester County
10709,Westchester County
10710,Westchester County
10801,Westchester County
10803,Westchester County
10804,Westchester County
10805,Westchester County
10901,Rockland County
10913,Rockland County
10914,Orange County
10916,Orange County
10917,Orange County
10918,Orange County
10919,Orange County
10920,Rockland County
10921,Orange County
10922,Orange County
10923,Rockland County
10924,Orange County
10925,Orange County
10926,Orange County
10927,Rockland County
10928,Orange County
10930,Orange County
10931,Rockland County
10933,Orange County
10940,
10941,Orange County
10950,Orange County
10952,Rockland County
10953,Orange County
10954,Rockland County
10956,Rockland County
10958,Orange County
10960,Rockland County
10962,Rockland County
10963,Orange County
10964,Rockland County
10965,Rockland County
10968,Rockland County
10969,Orange County
10970,Rockland County
10973,Orange County
10974,Rockland County
10976,Rockland County
10977,Rockland County
10980,
10981,Orange County
10983,Rockland County
10984,Rockland County
10986,
10987,
10988,Orange County
10989,Rockland County
10990,Orange County
10992,Orange County
10993,Rockland County
10994,Rockland County
10998,Orange County
11001,
11003,
11004,Queens County
11010,Nassau County
11020,Nassau County
11021,Nassau County
11023,Nassau County
11024,Nassau County
11026,Nassau County
11030,Nassau County
11040,
11050,Nassau County
11096,
11101,
11102,
11103,Queens County
11104,Queens County
11105,
11106,Queens County
11109,Queens County
11201,
11202,Kings County
11203,Kings County
11204,Kings County
11205,Kings County
11206,Kings County
11207,
11208,
11209,Kings County
11210,Kings County
11211,
11212,Kings County
11213,Kings County
11214,Kings County
11215,Kings County
11216,Kings County
11217,Kings County
11218,Kings County
11219,Kings County
11220,Kings County
11221,Kings County
11222,
11223,Kings County
11224,Kings County
11225,Kings County
11226,Kings County
11228,Kings County
11229,Kings County
11230,Kings County
11231,
11232,Kings County
11233,Kings County
11234,Kings County
11235,Kings County
11236,Kings County
11237,Kings County
11238,Kings County
11239,Kings County
11249,
11354,Queens County
11355,Queens County
11356,Queens County
11357,Queens County
11358,Queens County
11360,Queens County
11361,Queens County
11362,Queens County
11363,
11364,Queens County
11365,Queens County
11366,Queens County
11367,Queens County
11368,Queens County
11369,Queens County
11370,Queens County
11372,Queens County
11373,Queens County
11374,Queens County
11375,Queens County
11377,Queens County
11378,Queens County
11379,Queens County
11385,Queens County
11411,Queens County
11412,Queens County
11413,Queens County
11414,
11415,Queens County
11416,Queens County
11417,Queens County
11418,Queens County
11419,Queens County
11420,Queens County
11421,Queens County
11422,
11423,Queens County
11426,Queens County
11427,Queens County
11428,Queens County
11429,
11432,Queens County
11433,Queens County
11434,Queens County
11435,Queens County
11436,Queens County
11501,Nassau County
11507,Nassau County
11509,Nassau County
11510,Nassau County
11514,Nassau County
11516,Nassau County
11518,Nassau County
11520,Nassau County
11530,Nassau County
11539,Stockholm
11542,Nassau County
11545,Nassau County
11547,Nassau County
11548,Nassau County
11550,Nassau County
11552,Nassau County
11553,Nassau County
11554,Nassau County
11557,Nassau County
11558,Nassau County
11559,Nassau County
11560,Nassau County
11561,Nassau County
11563,Nassau County
11565,Nassau County
11566,Nassau County
11570,Nassau County
11572,Nassau County
11575,Nassau County
11576,Nassau County
11577,Nassau County
11579,Nassau County
11580,Nassau County
11581,Nassau County
11587,
11590,Nassau County
11596,Nassau County
11598,Nassau County
11691,Queens County
11692,Queens County
11693,
11694,
11697,Queens County
11701,Suffolk County
11702,
11703,Suffolk County
11704,Suffolk County
11705,Suffolk County
11706,Suffolk County
11709,Nassau County
11710,Nassau County
11713,Suffolk County
11714,Nassau County
11715,Suffolk County
11716,Suffolk County
11717,Suffolk County
11718,Suffolk County
11719,Suffolk County
11720,Suffolk County
11721,Suffolk County
11722,Suffolk County
11725,Suffolk County
11726,Suffolk County
11727,Suffolk County
11729,Suffolk County
11730,Suffolk County
11731,Suffolk County
11732,Nassau County
11733,Suffolk County
11735,
11738,Suffolk County
11739,Suffolk County
11740,Suffolk County
11741,Suffolk County
11742,Suffolk County
11743,Suffolk County
11746,Suffolk County
11747,Suffolk County
11749,Suffolk County
11751,Suffolk County
11752,Suffolk County
11753,Nassau County
11754,Suffolk County
11755,Suffolk County
11756,Nassau County
11757,Suffolk County
11758,Nassau County
11762,Nassau County
11763,Suffolk County
11764,Suffolk County
11765,Nassau County
11766,Suffolk County
11767,Suffolk County
11768,Suffolk County
11769,Suffolk County
11771,Nassau County
11772,Suffolk County
11776,Suffolk County
11777,Suffolk County
11778,Suffolk County
11779,Suffolk County
11780,Suffolk County
11782,Suffolk County
11783,Nassau County
11784,Suffolk County
11786,Suffolk County
11787,Suffolk County
11788,Suffolk County
11789,Suffolk County
11790,Suffolk County
11791,Nassau County
11792,Suffolk County
11793,Nassau County
11795,Suffolk County
11796,Suffolk County
11797,Nassau County
11798,Suffolk County
11801,Nassau County
11803,Nassau County
11804,Nassau County
11901,Suffolk County
11933,Suffolk County
11934,Suffolk County
11940,Suffolk County
11941,Suffolk County
11942,Suffolk County
11946,Suffolk County
11948,Suffolk County
11949,Suffolk County
11950,Suffolk County
11951,Suffolk County
11953,Suffolk County
11955,Suffolk County
11961,Suffolk County
11967,Suffolk County
11968,Suffolk County
11971,Suffolk County
11978,Suffolk County
11980,Suffolk County
12253,
12518,Orange County
12520,Orange County
12531,
12533,
12542,
12543,Orange County
12549,Orange County
12550,Orange County
12553,Orange County
12563,Putnam County
12566,
12575,Orange County
12577,Orange County
12582,Dutchess County
12586,Orange County
12589,
12721,
12729,
12746,Orange County
12771,Orange County
12780,
18302,
